{
  "accuracy": 0.9991050483268712,
  "f1_macro": 0.9991824807837771,
  "f1_weighted": 0.999105325749423,
  "f1_per_class": {
    "Benigno": 0.9992318287893449,
    "DoS": 0.9999022673964034,
    "Fuzzy": 0.9995482392938962,
    "MITM_Multi": 0.9972665722816412,
    "MITM_Single": 0.9991459769413774,
    "FakeClientID": 1.0
  },
  "ovr_f1": {
    "DoS": 0.9998,
    "Fuzzy": 0.999,
    "MITM_Multi": 0.9979,
    "MITM_Single": 0.9994
  },
  "t_train_s": 93.22007966041565,
  "t_single_ms": 0.7902388999937102,
  "throughput_pkt_s": 225813.39157950968,
  "confusion_matrix": [
    [
      1097219,
      8,
      111,
      841,
      219,
      0
    ],
    [
      0,
      153465,
      2,
      4,
      1,
      0
    ],
    [
      126,
      7,
      279889,
      3,
      1,
      0
    ],
    [
      304,
      8,
      2,
      213432,
      1,
      0
    ],
    [
      78,
      0,
      1,
      7,
      180169,
      0
    ],
    [
      0,
      0,
      0,
      0,
      0,
      463
    ]
  ]
}